{"products":[{"id":"0.3262993147595752","qty":2}],"totalPrice":23.889999999999997}